2023 AUG,644ljpbJRmneqzlTfURbKB
2023 JUL #3,37CoOXIsgF3NzbK1zHZetk
2023 JUL #2,5sdQOyqq2IDhvmx2lHOpwd
2023 JUL,3Or8LWwxpnHISX7Mjt07X5
2023 JUN #2,4NIe9Is7bN5JWyTeCW2ahK
2023 JUN,7sT48E0PEPQy5cd4Nwfexs
2023 MAY #4,5wp6dhW0dCOO0TG4MGCIPT
2023 MAY #3,2IFXUJjKJXQSiYJaSdxcz9
2023 MAY #2,60Uio68M57PwKEgZxSutL6
2023 MAY,2yYj4A83qox4a2SBAE6a3t
2023 APR #3,3Qq7nbEvgBzhtsO2fMnXvf
2023 APR #2,71I3KFTKzYz1qi3SBctusp
2023 APR,5bcFTH2LS9V9AXSDi8q3i2
2023 MAR #3,60O330MwrWVWCp9fpxzulM
2023 MAR #2,5ADT1DgRH94JdXcAy1IxMj
2023 MAR,1OEIMV580Xj8BeyeFB8fvl
2023 FEB #2,7i5pytF8KaId51lIzatwdg
2023 FEB,3IelG5zYpWWCZIH4cqWlPV
2023 JAN,65FftemJ1DbbZ45DUfHJXE
2022 DEC #2,6JFnWQKn3XWA2T9aMI982N
2022 DEC,38ZK4BFDqxUrEsjuC6DA5X
2022 NOV #3,6dEN1q3YD7mvmGZGqqUE06
2022 NOV #2,1RHTdr5QfviCYI70QPPDJN
2022 NOV,6dgUya35uo964z7GZXM07g
2022 OCT #2,4fsQ0K37TOXa3hEQfjEic1
2022 OCT,5viDyBHBnJHCF1XTcROFkF
2022 SEP,4tJ3FXTQcPYPAgicdJgjtD
2022 AUG,0ac12GgX8LZK0VNC4N91o2
2022 JUL,3Lf16tRdqj4H7MBtCSztDS
